date,Revenue,bing_cost,pinterest_cost,google_ads_cost,hulu_cost,facebook_cost,total_spend,bing_percent,pinterest_percent,google_ads_percent,hulu_percent,facebook_percent,revenue_per_spend
2021-01-01,47824.64,524.98,244.71,1964.62,0,688.93,3423.24,0.15,0.07,0.57,0.00,0.20,13.97057758
2021-01-02,52418.94,515.08,328.99,2069.12,0,619.24,3532.43,0.15,0.09,0.59,0.00,0.18,14.83934289
2021-01-03,45219.88,492.94,229.15,1964.5,0,622.98,3309.57,0.15,0.07,0.59,0.00,0.19,13.66337017
2021-01-04,41971.56,409.5,148.71,1206.36,0,641.78,2406.35,0.17,0.06,0.50,0.00,0.27,17.44200137
2021-01-05,31753.18,395.05,104.86,1048.84,0,667.47,2216.22,0.18,0.05,0.47,0.00,0.30,14.32762993
2021-01-06,28277.25,392.36,90.13,849.41,0,671.06,2002.96,0.20,0.04,0.42,0.00,0.34,14.11773076
2021-01-07,32458.68,344.23,94.25,871.58,0,495.56,1805.62,0.19,0.05,0.48,0.00,0.27,17.97647346
2021-01-08,30513.22,354.02,131.81,1038.77,0,405.17,1929.77,0.18,0.07,0.54,0.00,0.21,15.81184286
2021-01-09,44653.06,423.13,241.15,1823.89,0,404,2892.17,0.15,0.08,0.63,0.00,0.14,15.43929299
2021-01-10,54058.68,472.2,303.7,1873.85,0,404.3,3054.05,0.15,0.10,0.61,0.00,0.13,17.70065323
2021-01-11,43132.96,400.73,210.67,1240.1,0,381.06,2232.56,0.18,0.09,0.56,0.00,0.17,19.31995557
2021-01-12,40696.42,375.33,173.86,895.68,0,351.13,1796,0.21,0.10,0.50,0.00,0.20,22.65947661
2021-01-13,39083.22,317.73,151.7,790.75,0,349.91,1610.09,0.20,0.09,0.49,0.00,0.22,24.273935
2021-01-14,23722.78,405.37,155.5,865.47,0,364.11,1790.45,0.23,0.09,0.48,0.00,0.20,13.24961881
2021-01-15,28630.46,362.6,191.43,985.39,0,350.08,1889.5,0.19,0.10,0.52,0.00,0.19,15.15240011
2021-01-16,47779.94,524.11,265.64,1571.25,0,358.46,2719.46,0.19,0.10,0.58,0.00,0.13,17.5696425
2021-01-17,40206.1,460.56,310.74,1762.21,0,373.41,2906.92,0.16,0.11,0.61,0.00,0.13,13.83116838
2021-01-18,27754.16,531.49,264.56,1353.12,0,363.83,2513,0.21,0.11,0.54,0.00,0.14,11.04423398
2021-01-19,37250.92,405.06,213.6,908.63,0,371.32,1898.61,0.21,0.11,0.48,0.00,0.20,19.62010102
2021-01-20,29505.3,328.33,216.81,724.4,0,360.7,1630.24,0.20,0.13,0.44,0.00,0.22,18.0987462
2021-01-21,30165.56,340.96,177.51,743.21,0,368.88,1630.56,0.21,0.11,0.46,0.00,0.23,18.50012266
2021-01-22,27107.14,370.88,152.49,954.14,0,379.29,1856.8,0.20,0.08,0.51,0.00,0.20,14.59884748
2021-01-23,47633.52,479.41,178.44,1695.82,0,372.21,2725.88,0.18,0.07,0.62,0.00,0.14,17.47454767
2021-01-24,53381.78,446.65,273.64,1640.77,0,372.66,2733.72,0.16,0.10,0.60,0.00,0.14,19.52715713
2021-01-25,38754.78,390.33,183.57,969.67,0,363.77,1907.34,0.20,0.10,0.51,0.00,0.19,20.31875806
2021-01-26,20097.78,303.06,207.56,815.88,0,366.63,1693.13,0.18,0.12,0.48,0.00,0.22,11.87019307
2021-01-27,24773,341.67,147.59,788.91,0,371.97,1650.14,0.21,0.09,0.48,0.00,0.23,15.01266559
2021-01-28,27825.34,320.19,146.7,779.22,0,395.52,1641.63,0.20,0.09,0.47,0.00,0.24,16.94982426
2021-01-29,35670.68,307.5,131.11,837.82,0,408.88,1685.31,0.18,0.08,0.50,0.00,0.24,21.16564905
2021-01-30,37349.83,338.19,247.45,1220.42,0,406.7,2212.76,0.15,0.11,0.55,0.00,0.18,16.87929554
2021-01-31,35650.35,411.3,321.6,1319.89,0,423.3,2476.09,0.17,0.13,0.53,0.00,0.17,14.39784095
2021-02-01,37165.73,304,274.92,830.84,0,422.18,1831.94,0.17,0.15,0.45,0.00,0.23,20.28763497
2021-02-02,25583.22,302.16,166.83,686.52,0,415.69,1571.2,0.19,0.11,0.44,0.00,0.26,16.28259929
2021-02-03,24260.04,283.32,113.8,740.64,0,411.71,1549.47,0.18,0.07,0.48,0.00,0.27,15.65699239
2021-02-04,32337.75,296.21,149.37,709.63,0,420.41,1575.62,0.19,0.09,0.45,0.00,0.27,20.52382554
2021-02-05,17312.62,287.35,134.39,769.53,0,420.59,1611.86,0.18,0.08,0.48,0.00,0.26,10.74077153
2021-02-06,40831.4,389.17,188.61,1157.36,0,425.74,2160.88,0.18,0.09,0.54,0.00,0.20,18.89572767
2021-02-07,34047.37,333.21,216.27,1113.66,0,424.2,2087.34,0.16,0.10,0.53,0.00,0.20,16.31136758
2021-02-08,24164.33,342.86,181.71,788.35,0,416.93,1729.85,0.20,0.11,0.46,0.00,0.24,13.969032
2021-02-09,32383.36,281.3,228.85,720.07,0,420.59,1650.81,0.17,0.14,0.44,0.00,0.25,19.6166488
2021-02-10,24172.78,239.69,216.13,716.33,0,412.94,1585.09,0.15,0.14,0.45,0.00,0.26,15.25009936
2021-02-11,15742.5,267.2,122.82,712.41,0,423.52,1525.95,0.18,0.08,0.47,0.00,0.28,10.31652413
2021-02-12,27022.08,299.62,280.03,739.48,0,408.21,1727.34,0.17,0.16,0.43,0.00,0.24,15.64375282
2021-02-13,22800.96,296.31,24.61,1036.17,0,433.25,1790.34,0.17,0.01,0.58,0.00,0.24,12.73554744
2021-02-14,21083.24,326.75,25,1144.87,0,425.38,1922,0.17,0.01,0.60,0.00,0.22,10.96942768
2021-02-15,17063.74,341.13,25,1870.71,0,415.77,2652.61,0.13,0.01,0.71,0.00,0.16,6.432811457
2021-02-16,24860.28,1042.81,25,4485.45,0,580.62,6133.88,0.17,0.00,0.73,0.00,0.09,4.052945281
2021-02-17,25741.98,1342.3,49.28,4652.15,0,1120.07,7163.8,0.19,0.01,0.65,0.00,0.16,3.593341523
2021-02-18,21611.94,1507.46,41.8,4529.64,0,1124.34,7203.24,0.21,0.01,0.63,0.00,0.16,3.000308195
2021-02-19,35824.31,1334.62,535.67,4752.41,0,1189.59,7812.29,0.17,0.07,0.61,0.00,0.15,4.585634942
2021-02-20,32724.87,1334.95,551.16,7491.38,0,1298.16,10675.65,0.13,0.05,0.70,0.00,0.12,3.065374942
2021-02-21,38320.58,1411.74,531.83,8299.71,0,1174.24,11417.52,0.12,0.05,0.73,0.00,0.10,3.356296289
2021-02-22,39307.81,1046.83,526.1,4550.05,0,1013.72,7136.7,0.15,0.07,0.64,0.00,0.14,5.507841159
2021-02-23,22084.59,978.57,498.04,4271.11,0,1028.7,6776.42,0.14,0.07,0.63,0.00,0.15,3.259035007
2021-02-24,70667.31,1023.88,494.95,5117.12,0,1025,7660.95,0.13,0.06,0.67,0.00,0.13,9.224353377
2021-02-25,39180.97,1171.8,499.15,6569.32,0,1435.92,9676.19,0.12,0.05,0.68,0.00,0.15,4.049214619
2021-02-26,100140.2,1133.38,491.32,7950.78,0,1494,11069.48,0.10,0.04,0.72,0.00,0.13,9.046513477
2021-02-27,63410.03,1396.37,497.78,8636.95,0,1485.13,12016.23,0.12,0.04,0.72,0.00,0.12,5.277031981
2021-02-28,53849.75,1341.98,498.43,7160.09,0,1714.48,10714.98,0.13,0.05,0.67,0.00,0.16,5.025651004
2021-03-01,43749.02,1247.96,522.05,7445.41,0,1696.45,10911.87,0.11,0.05,0.68,0.00,0.16,4.009305463
2021-03-02,34929.19,1334.76,596.23,6209.62,0,2650.82,10791.43,0.12,0.06,0.58,0.00,0.25,3.236752682
2021-03-03,177419.13,1306.27,590.26,6450.69,0,2946.69,11293.91,0.12,0.05,0.57,0.00,0.26,15.70927429
2021-03-04,71484.12,1046.93,986.13,3352.05,0,4647.7,10032.81,0.10,0.10,0.33,0.00,0.46,7.125034761
2021-03-05,86376.93,1041.62,1077.22,3425.51,0,5733.06,11277.41,0.09,0.10,0.30,0.00,0.51,7.659287904
2021-03-06,95479.58,1189.81,1121.94,4256.47,0,5945.34,12513.56,0.10,0.09,0.34,0.00,0.48,7.630089279
2021-03-07,101049.6,1521.44,1125.75,5385.83,0,5792.66,13825.68,0.11,0.08,0.39,0.00,0.42,7.308833996
2021-03-08,101533.06,1355.82,1120.98,3856.28,0,7491.27,13824.35,0.10,0.08,0.28,0.00,0.54,7.344508783
2021-03-09,90647.48,1275.66,1406.32,4289.86,0,8243.01,15214.85,0.08,0.09,0.28,0.00,0.54,5.957829358
2021-03-10,82394.65,1178.69,1509.37,4663.1,0,8218.21,15569.37,0.08,0.10,0.30,0.00,0.53,5.292099167
2021-03-11,104053.23,1037.39,1860.04,5161.08,0,9345.68,17404.19,0.06,0.11,0.30,0.00,0.54,5.978631008
2021-03-12,127868.9,935.35,2217.88,6377.55,0,9437.77,18968.55,0.05,0.12,0.34,0.00,0.50,6.7411004
2021-03-13,125255.4,1119.17,2278.6,9568.32,0,10730.96,23697.05,0.05,0.10,0.40,0.00,0.45,5.285695899
2021-03-14,132840.96,1350.54,2296.88,8033.65,0,9441.2,21122.27,0.06,0.11,0.38,0.00,0.45,6.289142218
2021-03-15,141356.41,1389.06,2290.91,5485.06,0,9062.17,18227.2,0.08,0.13,0.30,0.00,0.50,7.755245457
2021-03-16,118095.35,1375.41,2324.49,4945.77,0,10064.32,18709.99,0.07,0.12,0.26,0.00,0.54,6.311887393
2021-03-17,85401.42,1165.41,2315.41,4568.04,0,10390,18438.86,0.06,0.13,0.25,0.00,0.56,4.631599784
2021-03-18,94311.82,1228.18,2337.44,5226.53,0,10491.66,19283.81,0.06,0.12,0.27,0.00,0.54,4.890725432
2021-03-19,127975.43,1232.38,2333.17,5788.53,0,11286.71,20640.79,0.06,0.11,0.28,0.00,0.55,6.20012267
2021-03-20,136463.18,1475.58,2346.97,10787.78,0,12424.05,27034.38,0.05,0.09,0.40,0.00,0.46,5.047764365
2021-03-21,129301.82,1713.82,2343.99,15358.29,0,11158.89,30574.99,0.06,0.08,0.50,0.00,0.36,4.229006126
2021-03-22,213347.7,1612.86,2409,8519.87,0,10472.64,23014.37,0.07,0.10,0.37,0.00,0.46,9.2701951
2021-03-23,201454.88,1627.46,2446.79,6379.6,0,10781.59,21235.44,0.08,0.12,0.30,0.00,0.51,9.486729731
2021-03-24,146789.8,2709.8,2194.13,6436.15,0,11239.57,22579.65,0.12,0.10,0.29,0.00,0.50,6.50097765
2021-03-25,134646.6,1759.69,2192.09,5852.56,0,11031.71,20836.05,0.08,0.11,0.28,0.00,0.53,6.46219413
2021-03-26,379298.5,881.79,2194.98,7055.89,0,11490.14,21622.8,0.04,0.10,0.33,0.00,0.53,17.54159961
2021-03-27,308178.41,1479.2,2205.59,11164.91,0,12227.93,27077.63,0.05,0.08,0.41,0.00,0.45,11.38129186
2021-03-28,309268.37,790.11,2211.77,15009.13,0,10998.43,29009.44,0.03,0.08,0.52,0.00,0.38,10.66095623
2021-03-29,208655.2,637.54,2182.61,11529.32,0,10665.65,25015.12,0.03,0.09,0.46,0.00,0.43,8.341163264
2021-03-30,109412.32,703.54,1999.87,9787.82,0,10860.1,23351.33,0.03,0.09,0.42,0.00,0.47,4.68548558
2021-03-31,90645.21,586.81,1988.91,9086.48,0,11470.66,23132.86,0.03,0.09,0.39,0.00,0.50,3.918461012
2021-04-01,88812.63,584.33,2002.36,7731.77,0,11199.05,21517.51,0.03,0.09,0.36,0.00,0.52,4.127458521
2021-04-02,346620.78,770.35,1886.54,8538.09,0,11528.78,22723.76,0.03,0.08,0.38,0.00,0.51,15.25367193
2021-04-03,180768.18,807.9,1511.97,11481.76,0,12985.27,26786.9,0.03,0.06,0.43,0.00,0.48,6.748379992
2021-04-04,158951.85,779.53,1508.31,14220.38,0,10785.44,27293.66,0.03,0.06,0.52,0.00,0.40,5.823764567
2021-04-05,150662.81,746.29,1508.59,10337.81,0,10459.16,23051.85,0.03,0.07,0.45,0.00,0.45,6.535822938
2021-04-06,120323.16,618.7,1515.51,8697.6,0,10889.27,21721.08,0.03,0.07,0.40,0.00,0.50,5.539464888
2021-04-07,133688.74,522.3,1516.38,8229.12,0,11350.79,21618.59,0.02,0.07,0.38,0.00,0.53,6.183971295
2021-04-08,95481.09,618.57,1518.23,8050.95,0,11530.27,21718.02,0.03,0.07,0.37,0.00,0.53,4.396399396
2021-04-09,130092.21,595.07,1793.1,9683.12,0,12421.4,24492.69,0.02,0.07,0.40,0.00,0.51,5.311470892
2021-04-10,142772.54,735.44,1992.76,13022.72,0,13455.88,29206.8,0.03,0.07,0.45,0.00,0.46,4.888332169
2021-04-11,178390.33,858.28,2000.13,17146.56,0,11670.35,31675.32,0.03,0.06,0.54,0.00,0.37,5.631839868
2021-04-12,99702.67,657.52,1988.39,11206.88,0,11414.88,25267.67,0.03,0.08,0.44,0.00,0.45,3.945859274
2021-04-13,128607,624.09,1993.92,9905.36,0,10471.83,22995.2,0.03,0.09,0.43,0.00,0.46,5.592775884
2021-04-14,115813.16,574.21,1989.77,8922.04,0,10639,22125.02,0.03,0.09,0.40,0.00,0.48,5.234488376
2021-04-15,103610.21,673.15,1934.08,10389.28,0,9156.63,22153.14,0.03,0.09,0.47,0.00,0.41,4.676998836
2021-04-16,134650.4,802.2,1847.74,11300.44,0,8779.75,22730.13,0.04,0.08,0.50,0.00,0.39,5.923872851
2021-04-17,169793.07,583.32,2000.77,12992.98,0,9841.81,25418.88,0.02,0.08,0.51,0.00,0.39,6.679801392
2021-04-18,188714.91,615.66,2006.78,15431.31,0,9684.87,27738.62,0.02,0.07,0.56,0.00,0.35,6.803327274
2021-04-19,147612.03,369.75,2000.19,10995.2,0,9501.37,22866.51,0.02,0.09,0.48,0.00,0.42,6.455380817
2021-04-20,128474.37,351.39,1992.99,8320.55,0,9669.14,20334.07,0.02,0.10,0.41,0.00,0.48,6.318182735
2021-04-21,123176.98,457.04,1973.37,7915.01,0,9454.21,19799.63,0.02,0.10,0.40,0.00,0.48,6.22117585
2021-04-22,99996.62,663.14,2005.6,7470.31,0,9456.84,19595.89,0.03,0.10,0.38,0.00,0.48,5.102938422
2021-04-23,204368.71,787.44,2000.74,8716.31,0,9802.9,21307.39,0.04,0.09,0.41,0.00,0.46,9.59144738
2021-04-24,255679.38,908.24,2014.98,12343.88,0,10465.96,25733.06,0.04,0.08,0.48,0.00,0.41,9.935832738
2021-04-25,247695.88,1498.28,2015.91,14752.55,0,9812.45,28079.19,0.05,0.07,0.53,0.00,0.35,8.821332809
2021-04-26,176366.91,1065.44,2007.92,10050.25,0,10093.07,23216.68,0.05,0.09,0.43,0.00,0.43,7.596560318
2021-04-27,153362.73,790.25,2012.37,8543.29,0,10603.18,21949.09,0.04,0.09,0.39,0.00,0.48,6.987202203
2021-04-28,132862.84,715.13,2030.44,8700.81,0,10653.78,22100.16,0.03,0.09,0.39,0.00,0.48,6.011849688
2021-04-29,146393.94,538.9,2205.54,9750.98,0,11115.53,23610.95,0.02,0.09,0.41,0.00,0.47,6.200256237
2021-04-30,133306.3,479.52,2186.6,8972.49,0,11696.91,23335.52,0.02,0.09,0.38,0.00,0.50,5.712591791
2021-05-01,151999.58,549.18,2195.67,12067.84,0,12311.05,27123.74,0.02,0.08,0.44,0.00,0.45,5.603931464
2021-05-02,174375.46,538.23,2203.64,14874.47,0,12776.41,30392.75,0.02,0.07,0.49,0.00,0.42,5.737403164
2021-05-03,176997.91,545.64,2350.16,10528.45,0,12339.98,25764.23,0.02,0.09,0.41,0.00,0.48,6.869908784
2021-05-04,123568.43,450.65,2280.01,8726.83,0,11914.49,23371.98,0.02,0.10,0.37,0.00,0.51,5.28703302
2021-05-05,126368.84,467.04,2517.2,8398.64,0,12111,23493.88,0.02,0.11,0.36,0.00,0.52,5.378798223
2021-05-06,130875.96,534.16,2659.54,7436.99,0,12239.12,22869.81,0.02,0.12,0.33,0.00,0.54,5.722651828
2021-05-07,130027.99,1363.64,2724.85,10555.02,0,11833.39,26476.9,0.05,0.10,0.40,0.00,0.45,4.910997511
2021-05-08,161964.72,1996.4,2756.31,13594.92,0,12488.01,30835.64,0.06,0.09,0.44,0.00,0.40,5.252516893
2021-05-09,169144.72,2535.11,2825,13993.03,0,12297.39,31650.53,0.08,0.09,0.44,0.00,0.39,5.344135469
2021-05-10,152949.5,2763.74,2825,10972.62,0,11805.73,28367.09,0.10,0.10,0.39,0.00,0.42,5.3917938
2021-05-11,163382.48,2210.06,2810.59,11043.49,0,12652.33,28716.47,0.08,0.10,0.38,0.00,0.44,5.689504316
2021-05-12,171061,2881.4,2895.22,9584.48,0,12851.35,28212.45,0.10,0.10,0.34,0.00,0.46,6.063316018
2021-05-13,136004.43,1272.38,2928.54,10926.91,0,13538.86,28666.69,0.04,0.10,0.38,0.00,0.47,4.74433672
2021-05-14,168717.28,1922.14,2962.74,13003.12,0,14065.87,31953.87,0.06,0.09,0.41,0.00,0.44,5.280026488
2021-05-15,179205.14,1799.79,2975.49,16159.81,0,14387.69,35322.78,0.05,0.08,0.46,0.00,0.41,5.073358892
2021-05-16,196740.65,2384.03,3024.3,18073.74,0,15231.69,38713.76,0.06,0.08,0.47,0.00,0.39,5.081930817
2021-05-17,145225.02,2245.16,3025,13461.52,0,14934.65,33666.33,0.07,0.09,0.40,0.00,0.44,4.313657592
2021-05-18,177165.14,1687.81,3008.14,10120.07,0,15583.81,30399.83,0.06,0.10,0.33,0.00,0.51,5.827833248
2021-05-19,156497.49,1535.57,3023.55,8882.99,0,14605.78,28047.89,0.05,0.11,0.32,0.00,0.52,5.579652872
2021-05-20,171700.77,1296.72,2512.12,7841.94,0,13522.18,25172.96,0.05,0.10,0.31,0.00,0.54,6.82084149
2021-05-21,156680.83,900.13,2509.21,8136.08,0,13579.96,25125.38,0.04,0.10,0.32,0.00,0.54,6.23595862
2021-05-22,150068.3,817.66,2511.18,9025.72,0,13914.31,26268.87,0.03,0.10,0.34,0.00,0.53,5.712780946
2021-05-23,186698.65,801.1,2441.99,11891.36,0,14070.31,29204.76,0.03,0.08,0.41,0.00,0.48,6.392747278
2021-05-24,165720.2,711.43,2487.16,9591.4,0,14040.61,26830.6,0.03,0.09,0.36,0.00,0.52,6.176537237
2021-05-25,148834.62,484.96,2451.08,8788.62,0,14034.31,25758.97,0.02,0.10,0.34,0.00,0.54,5.777972489
2021-05-26,138634.71,545.44,2504.09,8340.82,0,14427.61,25817.96,0.02,0.10,0.32,0.00,0.56,5.369700395
2021-05-27,109981.56,1898.82,2525,8331.56,0,7607.24,20362.62,0.09,0.12,0.41,0.00,0.37,5.401149754
2021-05-28,188866.6,1778.74,2517.8,9074.11,0,5652.78,19023.43,0.09,0.13,0.48,0.00,0.30,9.928104448
2021-05-29,256788.76,4371.2,2525,10820.05,0,6680.29,24396.54,0.18,0.10,0.44,0.00,0.27,10.52562208
2021-05-30,232527.03,5768.72,2506.95,9764.76,0,15141.81,33182.24,0.17,0.08,0.29,0.00,0.46,7.007574835
2021-05-31,230708.29,5964.25,2517.96,13048.72,0,16481.37,38012.3,0.16,0.07,0.34,0.00,0.43,6.069306251
2021-06-01,183720.1,1663.12,2513.69,11020.54,0,13985.08,29182.43,0.06,0.09,0.38,0.00,0.48,6.29557237
2021-06-02,141003.19,1590.05,2525,9199.86,0,13359.02,26673.93,0.06,0.09,0.34,0.00,0.50,5.286179802
2021-06-03,139427.88,446.43,2520.66,5294.26,0,13495.32,21756.67,0.02,0.12,0.24,0.00,0.62,6.408511964
2021-06-04,119156.77,293.3,2443.89,4677.69,0,14172.25,21587.13,0.01,0.11,0.22,0.00,0.66,5.519806014
2021-06-05,163469.53,211.74,2452.05,5438.66,0,14546.75,22649.2,0.01,0.11,0.24,0.00,0.64,7.217452714
2021-06-06,157629.95,202.94,2471.28,6154.13,0,13895.1,22723.45,0.01,0.11,0.27,0.00,0.61,6.936884584
2021-06-07,160849.23,591.76,2460.91,5052.7,0,13604.06,21709.43,0.03,0.11,0.23,0.00,0.63,7.40918716
2021-06-08,157915.32,844.57,2473.17,4596.06,0,13385.47,21299.27,0.04,0.12,0.22,0.00,0.63,7.414118888
2021-06-09,107344.96,815.96,2591.55,4245.14,0,13027.63,20680.28,0.04,0.13,0.21,0.00,0.63,5.190691809
2021-06-10,118110.3,1692.74,2310.69,4115.21,0,12680.96,20799.6,0.08,0.11,0.20,0.00,0.61,5.678489009
2021-06-11,105014.37,977.3,2299.03,4081.96,0,13298.05,20656.34,0.05,0.11,0.20,0.00,0.64,5.083880784
2021-06-12,151513.12,356.95,2313.25,4849.04,0,12737.12,20256.36,0.02,0.11,0.24,0.00,0.63,7.479780178
2021-06-13,163212.88,449.54,2318.7,5560.6,0,12208.54,20537.38,0.02,0.11,0.27,0.00,0.59,7.94711302
2021-06-14,150470.5,364.58,2262.34,6257.45,0,11713.63,20598,0.02,0.11,0.30,0.00,0.57,7.305102437
2021-06-15,157563.63,493.5,2264.56,7687.61,0,12684.91,23130.58,0.02,0.10,0.33,0.00,0.55,6.811918681
2021-06-16,112698.49,371.23,2233.43,7686.31,0,13003.87,23294.84,0.02,0.10,0.33,0.00,0.56,4.837916466
2021-06-17,134412.89,352.11,2285.26,6692.56,0,14717.61,24047.54,0.01,0.10,0.28,0.00,0.61,5.589465284
2021-06-18,109455.5,515.02,2190.17,7479,0,15672.9,25857.09,0.02,0.08,0.29,0.00,0.61,4.233094289
2021-06-19,121770.44,451.58,2155.06,8981.2,0,18435.32,30023.16,0.02,0.07,0.30,0.00,0.61,4.055883525
2021-06-20,146980.29,549.89,2145.1,9979.98,0,17259.05,29934.02,0.02,0.07,0.33,0.00,0.58,4.910142039
2021-06-21,113166.69,348.94,2079.55,7905.06,0,16388.61,26722.16,0.01,0.08,0.30,0.00,0.61,4.234937969
2021-06-22,110288.67,338.52,2183.73,8329.61,0,16426.01,27277.87,0.01,0.08,0.31,0.00,0.60,4.043155496
2021-06-23,107993.78,640.33,2180.9,5984.05,0,12774.45,21579.73,0.03,0.10,0.28,0.00,0.59,5.004408304
2021-06-24,97889.85,421.47,2226.75,5055.11,0,9000.41,16703.74,0.03,0.13,0.30,0.00,0.54,5.860355226
2021-06-25,97291.55,752.99,1792.63,4673.63,0,8944.4,16163.65,0.05,0.11,0.29,0.00,0.55,6.019157183
2021-06-26,126901.72,803.41,1788.14,5648.5,0,9873.56,18113.61,0.04,0.10,0.31,0.00,0.55,7.005876797
2021-06-27,106036.32,341.81,1790.27,6346.19,0,9358.53,17836.8,0.02,0.10,0.36,0.00,0.52,5.944806243
2021-06-28,102665.44,420.64,1841.65,5093.29,0,8406.99,15762.57,0.03,0.12,0.32,0.00,0.53,6.513242447
2021-06-29,79664.68,339.65,2131.74,4646.61,0,8487.15,15605.15,0.02,0.14,0.30,0.00,0.54,5.105024944
2021-06-30,76371.29,309.49,2118.84,7701.1,0,8336.61,18466.04,0.02,0.11,0.42,0.00,0.45,4.13576977
2021-07-01,88906.06,305.06,2095.91,11212.34,0,8736.72,22350.03,0.01,0.09,0.50,0.00,0.39,3.977894437
2021-07-02,80718.81,253.31,2186.37,7653.13,0,9130.35,19223.16,0.01,0.11,0.40,0.00,0.47,4.199039596
2021-07-03,99068.46,342.15,1957.35,6375.76,0,10192.71,18867.97,0.02,0.10,0.34,0.00,0.54,5.250615726
2021-07-04,93640.85,260.84,1969.21,7129.42,0,9065.02,18424.49,0.01,0.11,0.39,0.00,0.49,5.08241205
2021-07-05,107119.47,222.48,1963.33,6479.11,0,9034.92,17699.84,0.01,0.11,0.37,0.00,0.51,6.052002165
2021-07-06,103153.11,199.29,1950.98,5424.42,0,8660.24,16234.93,0.01,0.12,0.33,0.00,0.53,6.353776086
2021-07-07,68932.03,209.15,1982.65,5071.59,0,8694.3,15957.69,0.01,0.12,0.32,0.00,0.54,4.319674715
2021-07-08,79836.13,296.78,2010.6,5124.18,0,7982.71,15414.27,0.02,0.13,0.33,0.00,0.52,5.179364965
2021-07-09,65776.87,346.19,2015.76,5136.36,0,6352.98,13851.29,0.02,0.15,0.37,0.00,0.46,4.748790185
2021-07-10,74800.51,281.34,2004.27,5971.77,0,6013.33,14270.71,0.02,0.14,0.42,0.00,0.42,5.24154089
2021-07-11,108349.93,262.71,2003.16,6883.69,0,6208.26,15357.82,0.02,0.13,0.45,0.00,0.40,7.055033201
2021-07-12,90978.73,347.63,1985.83,5051.07,0,6530.74,13915.27,0.02,0.14,0.36,0.00,0.47,6.538049926
2021-07-13,98352.97,474.76,2006.65,4510.44,0,6741.99,13733.84,0.03,0.15,0.33,0.00,0.49,7.161359824
2021-07-14,71352.86,963.42,2007.61,4919.7,0,6795.24,14685.97,0.07,0.14,0.33,0.00,0.46,4.858573182
2021-07-15,124525.53,827.06,1959.05,5048.08,0,6620.45,14454.64,0.06,0.14,0.35,0.00,0.46,8.614917424
2021-07-16,85120.1,1650.9,1951.01,6691.56,0,6693.18,16986.65,0.10,0.11,0.39,0.00,0.39,5.010999815
2021-07-17,82180.03,1071.96,1969.24,7902.07,0,7348.6,18291.87,0.06,0.11,0.43,0.00,0.40,4.492707963
2021-07-18,88800.39,195.19,1962.9,9068.49,0,6887.45,18114.03,0.01,0.11,0.50,0.00,0.38,4.902298936
2021-07-19,82488.05,214.09,1969.23,7620.41,0,6672.42,16476.15,0.01,0.12,0.46,0.00,0.40,5.006512444
2021-07-20,74777.55,152.91,1973.66,5883.82,0,6621.91,14632.3,0.01,0.13,0.40,0.00,0.45,5.110444018
2021-07-21,59084.4,206.57,1965.34,7638.58,0,6169.28,15979.77,0.01,0.12,0.48,0.00,0.39,3.697449963
2021-07-22,87280.09,254.24,1951.32,6929.96,0,6292.1,15427.62,0.02,0.13,0.45,0.00,0.41,5.657391743
2021-07-23,77185.55,249.05,1922.7,6094.55,0,6378.57,14644.87,0.02,0.13,0.42,0.00,0.44,5.270483794
2021-07-24,107639.32,263.25,1939.83,7421.75,0,6893.75,16518.58,0.02,0.12,0.45,0.00,0.42,6.516257451
2021-07-25,76567.46,214.53,1948.86,8522.35,0,6360.17,17045.91,0.01,0.11,0.50,0.00,0.37,4.491837631
2021-07-26,86168.18,83.84,1886.56,4511.51,0,5755.91,12237.82,0.01,0.15,0.37,0.00,0.47,7.041138046
2021-07-27,74951.5,168.36,1890.85,3434.16,0,5603.91,11097.28,0.02,0.17,0.31,0.00,0.50,6.754042432
2021-07-28,60235.5,228.56,1925.19,3583.93,0,5413.13,11150.81,0.02,0.17,0.32,0.00,0.49,5.401894571
2021-07-29,66013.81,358.58,1891.25,3468.83,0,5378.35,11097.01,0.03,0.17,0.31,0.00,0.48,5.948792513
2021-07-30,71747.05,267.64,1895.27,3696.01,0,5354.32,11213.24,0.02,0.17,0.33,0.00,0.48,6.398422757
2021-07-31,68103.11,345.31,1889.51,4570.4,0,5335.71,12140.93,0.03,0.16,0.38,0.00,0.44,5.609381654
2021-08-01,114237.32,399.78,1892.21,6095.7,0,5266.29,13653.98,0.03,0.14,0.45,0.00,0.39,8.366594942
2021-08-02,93257.09,390.22,1872.23,5555.57,0,5156.66,12974.68,0.03,0.14,0.43,0.00,0.40,7.187621583
2021-08-03,96258.59,375.54,1887.69,6897.12,0,4904.82,14065.17,0.03,0.13,0.49,0.00,0.35,6.843755888
2021-08-04,90958.74,466.86,1839.62,6976.34,0,5306.11,14588.93,0.03,0.13,0.48,0.00,0.36,6.234778013
2021-08-05,91226.79,506.85,1839.59,6247.43,0,5449.4,14043.27,0.04,0.13,0.44,0.00,0.39,6.49612163
2021-08-06,87492.56,361.86,1864.76,5445.27,0,5815.3,13487.19,0.03,0.14,0.40,0.00,0.43,6.487085894
2021-08-07,146418.44,335.59,1910.78,7179.72,0,6386.95,15813.04,0.02,0.12,0.45,0.00,0.40,9.259347981
2021-08-08,100021.36,387.49,1973.83,7502.64,0,6073.85,15937.81,0.02,0.12,0.47,0.00,0.38,6.27572797
2021-08-09,116152.85,341.65,1978.13,6191.87,0,5677.34,14188.99,0.02,0.14,0.44,0.00,0.40,8.186125299
2021-08-10,73147.74,305.8,1923.84,5092.12,0,5969.11,13290.87,0.02,0.14,0.38,0.00,0.45,5.503608116
2021-08-11,81412.67,269.31,1996.54,4209.51,0,6116.84,12592.2,0.02,0.16,0.33,0.00,0.49,6.46532536
2021-08-12,90811.1,336.89,1944.35,4839.85,0,6044.3,13165.39,0.03,0.15,0.37,0.00,0.46,6.897714386
2021-08-13,106547.21,400.22,1918.02,4719.27,0,6067.99,13105.5,0.03,0.15,0.36,0.00,0.46,8.129961467
2021-08-14,106175.11,434.59,1923.93,6727.02,0,6570.23,15655.77,0.03,0.12,0.43,0.00,0.42,6.781851675
2021-08-15,132023.39,475.75,1941.77,8726.04,0,6423.49,17567.05,0.03,0.11,0.50,0.00,0.37,7.515399
2021-08-16,125282.49,422.5,1953.8,6583.76,0,6081.1,15041.16,0.03,0.13,0.44,0.00,0.40,8.329310372
2021-08-17,101675.9,351.6,1962.47,6634.25,0,6189.67,15137.99,0.02,0.13,0.44,0.00,0.41,6.716605045
2021-08-18,100496.64,390.03,1929.61,6873.21,0,5925.96,15118.81,0.03,0.13,0.45,0.00,0.39,6.647126328
2021-08-19,82545.25,368.06,1958.41,6034.03,0,5895.6,14256.1,0.03,0.14,0.42,0.00,0.41,5.790170523
2021-08-20,91102.67,402.76,1948.99,6219.31,0,7546.76,16117.82,0.02,0.12,0.39,0.00,0.47,5.652294789
2021-08-21,88729.26,450.66,1952.05,7970.7,0,7685.69,18059.1,0.02,0.11,0.44,0.00,0.43,4.913271425
2021-08-22,127812.59,490.98,1970.05,9846.32,0,7451.86,19759.21,0.02,0.10,0.50,0.00,0.38,6.468507091
2021-08-23,112832.36,403.35,2013.52,8405.46,0,7124.07,17946.4,0.02,0.11,0.47,0.00,0.40,6.287186288
2021-08-24,92836,497.14,1974.11,8244.15,0,7249.29,17964.69,0.03,0.11,0.46,0.00,0.40,5.167692846
2021-08-25,96561.1,616.56,1854.22,7189.5,0,7204.36,16864.64,0.04,0.11,0.43,0.00,0.43,5.725654387
2021-08-26,96302.86,653.11,1937.97,7115.62,0,7788.63,17495.33,0.04,0.11,0.41,0.00,0.45,5.504489484
2021-08-27,99311.98,568.35,2010.14,7747.75,0,7613.19,17939.43,0.03,0.11,0.43,0.00,0.42,5.53596073
2021-08-28,110157.38,745.79,2058.02,9739.72,0,8068.54,20612.07,0.04,0.10,0.47,0.00,0.39,5.344314278
2021-08-29,146090.91,780.94,2162.87,11400.33,0,7513.93,21858.07,0.04,0.10,0.52,0.00,0.34,6.683614336
2021-08-30,115726.62,703.83,2080.94,9476.05,0,7205.8,19466.62,0.04,0.11,0.49,0.00,0.37,5.944874868
2021-08-31,109159.63,750.12,1917.36,9399.8,0,7337.8,19405.08,0.04,0.10,0.48,0.00,0.38,5.625312032
2021-09-01,102492.48,783.24,2008.12,10571.73,0,7460.26,20823.35,0.04,0.10,0.51,0.00,0.36,4.921997661
2021-09-02,150719.55,427.87,2040.42,10975.19,0,7851.14,21294.62,0.02,0.10,0.52,0.00,0.37,7.077822943
2021-09-03,128536.61,299.9,2056.5,12520.07,0,8414.08,23290.55,0.01,0.09,0.54,0.00,0.36,5.518831028
2021-09-04,148302.7,350.82,2124.77,17404.17,0,9187.32,29067.08,0.01,0.07,0.60,0.00,0.32,5.102084558
2021-09-05,167617.05,460.38,2212.7,21964.23,0,8943.6,33580.91,0.01,0.07,0.65,0.00,0.27,4.991438588
2021-09-06,212896.47,623.56,2220.92,21235.44,0,8958.25,33038.17,0.02,0.07,0.64,0.00,0.27,6.443954674
2021-09-07,149935.8,573.43,2105.55,12135.56,0,8512.94,23327.48,0.02,0.09,0.52,0.00,0.36,6.427432367
2021-09-08,146351.54,685.36,2108.34,10714.24,0,8591.56,22099.5,0.03,0.10,0.48,0.00,0.39,6.622391457
2021-09-09,118864.43,1057.78,2032.33,11218.04,0,9244.13,23552.28,0.04,0.09,0.48,0.00,0.39,5.046833258
2021-09-10,114476.26,1055.53,2437.65,10199.11,0,9751.81,23444.1,0.05,0.10,0.44,0.00,0.42,4.882945389
2021-09-11,166489.42,1310.47,2535.85,13520.82,0,10255.59,27622.73,0.05,0.09,0.49,0.00,0.37,6.027261607
2021-09-12,189834.42,1364.48,2690.93,18528.59,0,10054.82,32638.82,0.04,0.08,0.57,0.00,0.31,5.816215782
2021-09-13,136204.82,1182.78,2691.72,11777.68,0,9909.83,25562.01,0.05,0.11,0.46,0.00,0.39,5.328408056
2021-09-14,168654.44,1097.61,2558.99,10898.79,0,10717.24,25272.63,0.04,0.10,0.43,0.00,0.42,6.673402808
2021-09-15,128709.77,1224.73,2541.15,10856.23,0,10612.62,25234.73,0.05,0.10,0.43,0.00,0.42,5.100501174
2021-09-16,137038.05,1337.8,2637.46,11591.36,0,11122.14,26688.76,0.05,0.10,0.43,0.00,0.42,5.134672799
2021-09-17,142253.71,1087.08,2552.45,12177.02,0,11707.57,27524.12,0.04,0.09,0.44,0.00,0.43,5.168329087
2021-09-18,170152.19,1475.88,2722.73,17564.61,0,11255.62,33018.84,0.04,0.08,0.53,0.00,0.34,5.15318497
2021-09-19,202248.84,1678.67,2900,20588.03,0,11584.85,36751.55,0.05,0.08,0.56,0.00,0.32,5.503137691
2021-09-20,192835.89,1210.37,2603.62,17218.01,0,11035.74,32067.74,0.04,0.08,0.54,0.00,0.34,6.013391963
2021-09-21,165472.5,1179.28,2768.58,16629.92,0,12145.69,32723.47,0.04,0.08,0.51,0.00,0.37,5.056691726
2021-09-22,152063.94,1644.46,2549.07,17620.47,0,12665.44,34479.44,0.05,0.07,0.51,0.00,0.37,4.410278705
2021-09-23,157132.02,1383.93,2698.01,16463.64,0,12813.51,33359.09,0.04,0.08,0.49,0.00,0.38,4.710320935
2021-09-24,180984.33,1478.81,2759.92,19258.57,0,13613.62,37110.92,0.04,0.07,0.52,0.00,0.37,4.876848378
2021-09-25,209035.61,1917.67,2894.38,26170.31,0,14714.18,45696.54,0.04,0.06,0.57,0.00,0.32,4.574429705
2021-09-26,218912.57,2262.64,2897.72,30569.91,0,14482.92,50213.19,0.05,0.06,0.61,0.00,0.29,4.35966267
2021-09-27,201069.62,1768.32,2900,19107.2,0,13734.82,37510.34,0.05,0.08,0.51,0.00,0.37,5.360378498
2021-09-28,180331.83,1664.76,2899.99,19312.63,0,14364.81,38242.19,0.04,0.08,0.51,0.00,0.38,4.715520476
2021-09-29,179352.1,1618.67,2900,18610.47,0,14242.71,37371.85,0.04,0.08,0.50,0.00,0.38,4.799122869
2021-09-30,183871.21,1647.42,2900,18681.63,0,14802.21,38031.26,0.04,0.08,0.49,0.00,0.39,4.834738844
2021-10-01,202990.38,1681.52,2887.43,20979.6,0,15964.36,41512.91,0.04,0.07,0.51,0.00,0.38,4.889813313
2021-10-02,223410.47,2094.05,2900,26257.61,0,15221.92,46473.58,0.05,0.06,0.57,0.00,0.33,4.807257586
2021-10-03,219313.5,1871.3,2900,28415.61,0,15491.92,48678.83,0.04,0.06,0.58,0.00,0.32,4.50531576
2021-10-04,183103.05,1848.75,2900,22421.03,0,15296.84,42466.62,0.04,0.07,0.53,0.00,0.36,4.311693514
2021-10-05,186618.09,1577.45,2900,18266,0,17313.96,40057.41,0.04,0.07,0.46,0.00,0.43,4.658765756
2021-10-06,159461.83,1383,2757.04,20839.67,0,15954.53,40934.24,0.03,0.07,0.51,0.00,0.39,3.895561027
2021-10-07,172936.3,1402.35,3030,25299.86,4602.52,16260.59,50595.32,0.03,0.06,0.50,0.09,0.32,3.418029573
2021-10-08,236537.36,1568.01,3030,24563.76,527.43,16605.18,46294.38,0.03,0.07,0.53,0.01,0.36,5.109418465
2021-10-09,223914.77,1784.68,3030,34396.04,4561.87,17636.65,61409.24,0.03,0.05,0.56,0.07,0.29,3.646271636
2021-10-10,226132.22,1979.13,3030,35299.73,5130.86,16587.22,62026.94,0.03,0.05,0.57,0.08,0.27,3.645709751
2021-10-11,245568.71,1675.03,3030,27563.24,1277.57,16295.28,49841.12,0.03,0.06,0.55,0.03,0.33,4.927030332
2021-10-12,197036.72,1759.16,3060,26248.3,1918.24,17787.34,50773.04,0.03,0.06,0.52,0.04,0.35,3.88073513
2021-10-13,197683.33,1484.45,3060,32774.8,513.84,19784.19,57617.28,0.03,0.05,0.57,0.01,0.34,3.430972965
2021-10-14,206777.11,1495.07,2921.85,31016.43,491.19,20310.52,56235.06,0.03,0.05,0.55,0.01,0.36,3.677014126
2021-10-15,238059.14,1701.95,2454.63,32532.96,578.97,19536.98,56805.49,0.03,0.04,0.57,0.01,0.34,4.190776983
2021-10-16,245567.17,2002.97,2447.73,34241.98,568.05,19939.66,59200.39,0.03,0.04,0.58,0.01,0.34,4.148066761
2021-10-17,282065.67,2364.47,2472.53,44676.92,6173.22,21270.2,76957.34,0.03,0.03,0.58,0.08,0.28,3.665221147
2021-10-18,258665.83,2098.57,2664.01,30835.65,2061.7,22562.91,60222.84,0.03,0.04,0.51,0.03,0.37,4.295144998
2021-10-19,247409.73,2170.26,3200,25958.62,1272.63,22070.78,54672.29,0.04,0.06,0.47,0.02,0.40,4.525322243
2021-10-20,206310.28,2079.5,3500,22208.15,493.52,21706.3,49987.47,0.04,0.07,0.44,0.01,0.43,4.127239886
2021-10-21,196516.18,2170.65,3500,20329.73,491.87,22246.62,48738.87,0.04,0.07,0.42,0.01,0.46,4.03202167
2021-10-22,200029.87,2127.83,3500,24760.73,502.79,23272.04,54163.39,0.04,0.06,0.46,0.01,0.43,3.693082542
2021-10-23,242413.53,2434.62,3500,31947.34,431.91,24075.52,62389.39,0.04,0.06,0.51,0.01,0.39,3.88549287
2021-10-24,256367.79,2772.15,3500,33630.41,635.54,24670.55,65208.65,0.04,0.05,0.52,0.01,0.38,3.931499732
2021-10-25,225269.59,2244.48,3500,23299.29,348.99,24110.86,53503.62,0.04,0.07,0.44,0.01,0.45,4.210361654
2021-10-26,199068.75,2048.51,3500,23489.29,542.41,25404.65,54984.86,0.04,0.06,0.43,0.01,0.46,3.620428423
2021-10-27,198855.55,2407.26,3500,23470.99,633.98,23102.06,53114.29,0.05,0.07,0.44,0.01,0.43,3.743918068
2021-10-28,195374.52,2701.65,3500,20955.67,504.91,21949.81,49612.04,0.05,0.07,0.42,0.01,0.44,3.93804649
2021-10-29,208243.39,2240,3489.07,19414.06,457.42,19493.91,45094.46,0.05,0.08,0.43,0.01,0.43,4.617937325
2021-10-30,230280.49,2207.22,3500,25956.56,444.04,17630.58,49738.4,0.04,0.07,0.52,0.01,0.35,4.629833087
2021-10-31,243303.47,2414.98,3500,33728.82,715.51,18652.35,59011.66,0.04,0.06,0.57,0.01,0.32,4.122972816
2021-11-01,261068.97,2669.07,3200.38,30808.63,15179.74,18877.34,70735.16,0.04,0.05,0.44,0.21,0.27,3.690794931
2021-11-02,225304.36,2190.08,3200.02,24661.17,1301.16,15444.48,46796.91,0.05,0.07,0.53,0.03,0.33,4.814513608
2021-11-03,192871.17,2091.62,3200,20716.03,534.08,15310.05,41851.78,0.05,0.08,0.49,0.01,0.37,4.608434098
2021-11-04,215484.25,1861.98,3200,19295.42,494.78,15725.21,40577.39,0.05,0.08,0.48,0.01,0.39,5.310451214
2021-11-05,213636.85,2152.66,3200,21673.92,451.66,16029.76,43508,0.05,0.07,0.50,0.01,0.37,4.910288912
2021-11-06,257497.56,2568.39,3200,27589.14,472.1,16912.61,50742.24,0.05,0.06,0.54,0.01,0.33,5.074619489
2021-11-07,326758.58,2993.18,3200,29420.46,557.02,15811.87,51982.53,0.06,0.06,0.57,0.01,0.30,6.285930677
2021-11-08,248910.61,2636.46,3161.76,22030.18,1243.03,15138.2,44209.63,0.06,0.07,0.50,0.03,0.34,5.630235087
2021-11-09,223262.18,2321.06,3000.05,18757.43,488.24,15251.26,39818.04,0.06,0.08,0.47,0.01,0.38,5.607061021
2021-11-10,196773.56,2463.47,3000,17831.05,1025.2,15021.87,39341.59,0.06,0.08,0.45,0.03,0.38,5.001667701
2021-11-11,225472.62,2543.34,3000,21012.21,1183.72,15858.81,43598.08,0.06,0.07,0.48,0.03,0.36,5.171618108
2021-11-12,216824.49,2391.73,2979.08,25314.5,1029.31,16076.49,47791.11,0.05,0.06,0.53,0.02,0.34,4.536920988
2021-11-13,247930.1,3212.7,3000,32016.8,997.57,17186.85,56413.92,0.06,0.05,0.57,0.02,0.30,4.394839075
2021-11-14,297399.21,3680.4,3000,38130.31,1123.73,16123.43,62057.87,0.06,0.05,0.61,0.02,0.26,4.792288391
2021-11-15,258081.87,3135.73,3000,23184.49,1131.69,15942.65,46394.56,0.07,0.06,0.50,0.02,0.34,5.562761453
2021-11-16,207324.18,2789.91,3000,19608.84,1080.22,16292.71,42771.68,0.07,0.07,0.46,0.03,0.38,4.847230223
2021-11-17,206580.4,1154.15,3000,17096.71,1099.94,16485.04,38835.84,0.03,0.08,0.44,0.03,0.42,5.319323594
2021-11-18,182098.12,1051.32,3000,18940.99,1108.01,16664.67,40764.99,0.03,0.07,0.46,0.03,0.41,4.467022315
2021-11-19,185201.84,896.01,3000,20859.7,1045.61,17277.75,43079.07,0.02,0.07,0.48,0.02,0.40,4.299114164
2021-11-20,214066.61,1051.16,3000,28033.24,1068.66,17021.54,50174.6,0.02,0.06,0.56,0.02,0.34,4.266433813
2021-11-21,187396.52,1060.7,3000,28862.08,1175.75,20732.99,54831.52,0.02,0.05,0.53,0.02,0.38,3.417678737
2021-11-22,103028.49,907.91,4365.16,22287.97,694.84,23944.08,52199.96,0.02,0.08,0.43,0.01,0.46,1.973727375
2021-11-23,69067.49,1023.4,2902.81,18059.05,0,14781.64,36766.9,0.03,0.08,0.49,0.00,0.40,1.878523618
2021-11-24,56895.47,1001.1,2900,19983.83,0,12440.56,36325.49,0.03,0.08,0.55,0.00,0.34,1.56626848
